keyword,category,notes
communication skills,core soft skills,appears in nearly every data job posting
verbal communication,core soft skills,
written communication,core soft skills,
presentation skills,core soft skills,
technical writing,core soft skills,
data storytelling,core soft skills,high-frequency term in modern data jds
storytelling with data,core soft skills,
translating technical findings,core soft skills,
communicating to non-technical audiences,core soft skills,
executive communication,core soft skills,
stakeholder communication,core soft skills,
active listening,core soft skills,
interpersonal skills,core soft skills,
collaboration,teamwork,
cross-functional collaboration,teamwork,very common in data jds
cross-functional teams,teamwork,
team player,teamwork,
teamwork,teamwork,
pair programming,teamwork,
knowledge sharing,teamwork,
mentoring,teamwork,
coaching,teamwork,
onboarding,teamwork,
stakeholder management,teamwork,
partner with stakeholders,teamwork,
stakeholder engagement,teamwork,
business stakeholders,teamwork,
relationship building,teamwork,
problem solving,analytical skills,
critical thinking,analytical skills,
analytical thinking,analytical skills,
analytical skills,analytical skills,
attention to detail,analytical skills,
detail-oriented,analytical skills,
data-driven decision making,analytical skills,
quantitative reasoning,analytical skills,
root cause analysis,analytical skills,
investigative mindset,analytical skills,
intellectual curiosity,analytical skills,
curiosity,analytical skills,
inquisitive,analytical skills,
learning agility,adaptability,
adaptability,adaptability,
continuous learning,adaptability,
growth mindset,adaptability,
openness to feedback,adaptability,
resilience,adaptability,
flexibility,adaptability,
self-directed,adaptability,
self-starter,adaptability,
autonomous,adaptability,
initiative,adaptability,
proactive,adaptability,
fast learner,adaptability,
comfortable with ambiguity,adaptability,
thriving in ambiguity,adaptability,
navigating uncertainty,adaptability,
project management,organizational skills,
time management,organizational skills,
prioritization,organizational skills,
organizational skills,organizational skills,
multitasking,organizational skills,
meeting deadlines,organizational skills,
managing multiple projects,organizational skills,
scoping projects,organizational skills,
estimation,organizational skills,
planning,organizational skills,
documentation,organizational skills,
process improvement,organizational skills,
leadership,leadership,
people management,leadership,
technical leadership,leadership,
team leadership,leadership,
influencing without authority,leadership,
decision making,leadership,
strategic thinking,leadership,
business acumen,business knowledge,
domain knowledge,business knowledge,
industry knowledge,business knowledge,
business understanding,business knowledge,
product sense,business knowledge,
product analytics mindset,business knowledge,
understanding business goals,business knowledge,
translating business requirements,business knowledge,
requirements gathering,business knowledge,
business analysis,business knowledge,
business intelligence mindset,business knowledge,
commercial awareness,business knowledge,
customer focus,business knowledge,
user empathy,business knowledge,
empathy,business knowledge,
emotional intelligence,interpersonal,
self-awareness,interpersonal,
conflict resolution,interpersonal,
negotiation,interpersonal,
persuasion,interpersonal,
ethical awareness,interpersonal,
ethical judgment,interpersonal,
responsible ai,interpersonal,
integrity,interpersonal,
accountability,interpersonal,
ownership,interpersonal,
work ethic,interpersonal,
reliability,interpersonal,
trustworthiness,interpersonal,
intellectual honesty,interpersonal,
constructive feedback,interpersonal,
open to criticism,interpersonal,
inclusive mindset,interpersonal,
diversity and inclusion,interpersonal,
cultural awareness,interpersonal,
fast-paced environment,work style,
startup mindset,work style,
high growth environment,work style,
ambiguity tolerance,work style,
independent worker,work style,
remote work,work style,
asynchronous collaboration,work style,
distributed teams,work style,
agile mindset,work style,
scrum participation,work style,
sprint planning,work style,
retrospectives,work style,
daily standups,work style,
kanban,work style,
data literacy,data skills,
statistical literacy,data skills,
data intuition,data skills,
experimental design,data skills,
hypothesis formulation,data skills,
scientific thinking,data skills,
data ethics,data skills,
privacy awareness,data skills,
bias awareness,data skills,
data skepticism,data skills,
asking the right questions,data skills,
framing problems,data skills,
defining success metrics,data skills,
outcome-oriented thinking,data skills,
impact-driven,data skills,
